<?xml version="1.0" encoding="UTF-8" ?>
<!DOCTYPE struts PUBLIC
	"-//Apache Software Foundation//DTD Struts Configuration 2.5//EN"
	"http://struts.apache.org/dtds/struts-2.5.dtd">
<!-- START SNIPPET: xworkSample -->
<struts>
    <package name="default" extends="struts-default">
	<action name="action" class="org.action.TagAction">
		<result name="success">success.jsp</result>
	</action>
	<action name="select"/>
	<action name="nonform" class="org.action.NonFormAction">
		<result name="success">index.jsp</result>
	</action>
    </package>
</struts>
<!-- END SNIPPET: xworkSample -->