<?xml version='1.0' encoding='UTF-8'?>
<!DOCTYPE hibernate-configuration PUBLIC
          "-//Hibernate/Hibernate Configuration DTD 3.0//EN"
          "http://www.hibernate.org/dtd/hibernate-configuration-3.0.dtd">
<!-- Generated by MyEclipse Hibernate Tools.                   -->
<hibernate-configuration>

    <session-factory>
        <property name="myeclipse.connection.profile">sqlsrv</property>
        <property name="dialect">org.hibernate.dialect.SQLServerDialect</property>
        <property name="connection.password">njnu123456</property>
        <property name="connection.username">sa</property>
        <property name="connection.url">jdbc:sqlserver://localhost:1433</property>
        <property name="connection.driver_class">com.microsoft.sqlserver.jdbc.SQLServerDriver</property>
        <property name="hibernate.show_sql">true</property>
		<mapping resource="org/vo/UserTable.hbm.xml" />
    
    </session-factory>

</hibernate-configuration>