<?xml version="1.0" encoding="UTF-8" ?>
<!DOCTYPE struts PUBLIC
	"-//Apache Software Foundation//DTD Struts Configuration 2.5//EN"
	"http://struts.apache.org/dtds/struts-2.5.dtd">
<!-- START SNIPPET: xworkSample -->
<struts>
    <package name="default" extends="struts-default">
    <!-- 用户登录 -->
	<action name="login" class="org.action.LoginAction">
		<result name="success">main.jsp</result>
		<result name="error">error.jsp</result>
	</action>
    </package>
    <constant name="struts.i18n.encoding" value="gb2312"/>
</struts>
<!-- END SNIPPET: xworkSample -->