<?xml version="1.0" encoding="UTF-8" ?>
<!DOCTYPE struts PUBLIC
	"-//Apache Software Foundation//DTD Struts Configuration 2.5//EN"
	"http://struts.apache.org/dtds/struts-2.5.dtd">
<!-- START SNIPPET: xworkSample -->
<struts>
    <package name="default" extends="struts-default">
    	<global-allowed-methods>regex:.*</global-allowed-methods>
    	<!-- 用户登录 -->
		<action name="login" class="org.action.LoginAction">
			<result name="admin">admin.jsp</result>
			<result name="student">student.jsp</result>
			<result name="error">error.jsp</result>
			<result name="input">login.jsp</result>
		</action>
		<!-- 查询已借图书 -->
		<action name="selectBook" class="org.action.LendAction" method="selectAllLend">
			<result name="success">lend.jsp</result>
		</action>
		<!-- 借书 -->
		<action name="lendBook" class="org.action.LendAction" method="lendBook">
			<result name="success">lend.jsp</result>
		</action>
		<!-- 图书管理 -->
		<action name="book" class="org.action.BookAction">
			<result name="success">bookmanage.jsp</result>
			<result name="input">bookmanage.jsp</result>
			<interceptor-ref name="defaultStack">
				<param name="validation.excludeMethods">*</param>
				<param name="validation.includeMethods">addBook,updateBook</param>
			</interceptor-ref>
		</action>
		<!-- 读取照片 -->
		<action name="getImage" class="org.action.BookAction" method="getImage">
			<interceptor-ref name="defaultStack">
				<param name="validation.excludeMethods">*</param>
				<param name="validation.includeMethods">addBook,updateBook</param>
			</interceptor-ref>
		</action>		
    </package>
    <constant name="struts.i18n.encoding" value="gb2312"/>
	<constant name="struts.multipart.saveDir" value="/tmp"/>
	<constant name="struts.enable.DynamicMethodInvocation" value="true" />
</struts>
<!-- END SNIPPET: xworkSample -->