<?xml version="1.0" encoding="utf-8"?>
<!DOCTYPE hibernate-mapping PUBLIC "-//Hibernate/Hibernate Mapping DTD 3.0//EN"
"http://www.hibernate.org/dtd/hibernate-mapping-3.0.dtd">
<!-- 
    Mapping file autogenerated by MyEclipse Persistence Tools
-->
<hibernate-mapping>
    <class name="org.vo.Book" table="book" schema="dbo" catalog="MBOOK">
        <id name="ISBN" type="java.lang.String">
            <column name="ISBN" length="20" />
            <generator class="assigned" />
        </id>
        <property name="bookName" type="java.lang.String">
            <column name="bookName" length="40" not-null="true" />
        </property>
        <property name="author" type="java.lang.String">
            <column name="author" length="8" not-null="true" />
        </property>
        <property name="publisher" type="java.lang.String">
            <column name="publisher" length="20" not-null="true" />
        </property>
        <property name="price" type="java.lang.Double">
            <column name="price" precision="53" scale="0" not-null="true" />
        </property>
        <property name="cnum" type="java.lang.Integer">
            <column name="cnum" not-null="true" />
        </property>
        <property name="snum" type="java.lang.Integer">
            <column name="snum" not-null="true" />
        </property>
        <property name="summary" type="java.lang.String">
            <column name="summary" length="200" />
        </property>
        <property name="photo">
            <column name="photo" />
        </property>
    </class>
</hibernate-mapping>
