<?xml version="1.0" encoding="utf-8"?>
<!DOCTYPE hibernate-mapping PUBLIC "-//Hibernate/Hibernate Mapping DTD 3.0//EN"
"http://www.hibernate.org/dtd/hibernate-mapping-3.0.dtd">
<!-- 
    Mapping file autogenerated by MyEclipse Persistence Tools
-->
<hibernate-mapping>
    <class name="org.vo.Lend" table="lend" schema="dbo" catalog="MBOOK">
        <id name="bookId" type="java.lang.String">
            <column name="bookId" length="10" />
            <generator class="assigned" />
        </id>
        <property name="readerId" type="java.lang.String">
            <column name="readerId" length="8" not-null="true" />
        </property>
        <property name="ISBN" type="java.lang.String">
            <column name="ISBN" length="20" not-null="true" />
        </property>
        <property name="ltime" type="java.util.Date">
            <column name="LTime" length="23" not-null="true" />
        </property>
    </class>
</hibernate-mapping>
