<?xml version="1.0" encoding="utf-8"?>
<!DOCTYPE hibernate-mapping PUBLIC "-//Hibernate/Hibernate Mapping DTD 3.0//EN"
"http://www.hibernate.org/dtd/hibernate-mapping-3.0.dtd">
<!-- 
    Mapping file autogenerated by MyEclipse Persistence Tools
-->
<hibernate-mapping>
    <class name="org.vo.Student" table="student" schema="dbo" catalog="MBOOK">
        <id name="readerId" type="java.lang.String">
            <column name="readerId" length="8" />
            <generator class="assigned" />
        </id>
        <property name="name" type="java.lang.String">
            <column name="name" length="8" not-null="true" />
        </property>
        <property name="sex" type="java.lang.Boolean">
            <column name="sex" not-null="true" />
        </property>
        <property name="born" type="java.util.Date">
            <column name="born" length="23" not-null="true" />
        </property>
        <property name="spec" type="java.lang.String">
            <column name="spec" length="20" not-null="true" />
        </property>
        <property name="num" type="java.lang.Integer">
            <column name="num" not-null="true" />
        </property>
        <property name="photo">
            <column name="photo" />
        </property>
    </class>
</hibernate-mapping>
